{"cameraMode":{"drawMode":0,"name":"Shaded","section":"Shading Mode"},"sceneLighting":false,"audioPlay":false,"sceneViewState":{"showFog":true,"showMaterialUpdate":false,"showSkybox":false,"showFlares":true,"showImageEffects":true,"showParticleSystems":true,"showVisualEffectGraphs":true,"m_FxEnabled":true},"in2DMode":false,"pivot":{"x":0.002463407814502716,"y":0.018467113375663759,"z":-0.03968260809779167},"rotation":{"x":0.4693670868873596,"y":-0.35084620118141177,"z":0.2104673534631729,"w":0.782477617263794},"size":0.37424689531326296,"orthographic":false}