{"count":1,"self":117.59541759999999,"total":123.84520579999999,"children":{"InitializeActuators":{"count":1,"self":0.0019998999999999998,"total":0.0019998999999999998,"children":null},"InitializeSensors":{"count":1,"self":0.0010008999999999999,"total":0.0010008999999999999,"children":null},"AgentSendState":{"count":5955,"self":0.1589692,"total":0.2569604,"children":{"CollectObservations":{"count":5955,"self":0.0500015,"total":0.0500015,"children":null},"CollectDiscreteActionMasks":{"count":5955,"self":0.0149962,"total":0.0149962,"children":null},"RequestDecision":{"count":5955,"self":0.032993499999999995,"total":0.032993499999999995,"children":null}}},"DecideAction":{"count":5955,"self":5.8268656,"total":5.8268656,"children":null},"AgentAct":{"count":5955,"self":0.1619565,"total":0.1619565,"children":null}},"gauges":{},"metadata":{"timer_format_version":"0.1.0","start_time_seconds":"1606513600","unity_version":"2020.1.13f1","command_line_arguments":"D:\\Program Files\\Unity Hub\\2020.1.13f1\\Editor\\Unity.exe -projectpath D:\/git\/CollisionTest -useHub -hubIPC -cloudEnvironment production -hubSessionId 99412720-2f5d-11eb-aee0-990286686ec6 -accessToken sqEI31bg657tBTK7cOKKkCjFExhDZ7g6BgTeoQWa6bE002f","communication_protocol_version":"1.2.0","com.unity.ml-agents_version":"1.6.0-preview","scene_name":"TestFly","end_time_seconds":"1606513724"}}